id,subdomain,source_doi,risk_level,risk_label,issue_count,recommended_action,num_steps,invalid_steps,title,parsed_title,file_path,parsed_path
NPP_0196,ml_alpha_halflife,arxiv_2103.04667,P0,删除或替换,5,从 final 集合移除，或以同子领域核物理论文样本替换。,22,5,Voting in Transfer Learning System for Ground-Based Cloud Classification,Voting in Transfer Learning System for Ground-Based Cloud Classification,D:\Sci-Evo 我能突破束缚的团队核物理数据集\dataset\final\Research\NPP_0196.json,D:\Sci-Evo 我能突破束缚的团队核物理数据集\parsed\papers\机器学习_alpha半衰期\arxiv_2103.04667.md
NPP_0117,deep_learning_nuclear,arxiv_1911.13092,P1,必须修复,13,发布前修复 schema/字段错误；必要时重新生成 metadata。,18,7,Machine learning the deuteron,Machine learning the deuteron,D:\Sci-Evo 我能突破束缚的团队核物理数据集\dataset\final\Research\NPP_0117.json,D:\Sci-Evo 我能突破束缚的团队核物理数据集\parsed\papers\深度学习_核结构\arxiv_1911.13092.md
NPP_0120,deep_learning_nuclear,arxiv_2005.04636,P1,必须修复,1,发布前修复 schema/字段错误；必要时重新生成 metadata。,22,5,The study of Nuclear binding energy for $\mathbf { A } \geq \mathbf { 1 0 0 }$ based on Odd-Even staggering of nuclear masses,The study of Nuclear binding energy for $\mathbf { A } \geq \mathbf { 1 0 0 }$ based on Odd-Even staggering of nuclear masses,D:\Sci-Evo 我能突破束缚的团队核物理数据集\dataset\final\Research\NPP_0120.json,D:\Sci-Evo 我能突破束缚的团队核物理数据集\parsed\papers\深度学习_核结构\arxiv_2005.04636.md
NPP_0122,deep_learning_nuclear,arxiv_2105.02445,P1,必须修复,2,发布前修复 schema/字段错误；必要时重新生成 metadata。,15,1,Machine learning the nuclear mass,Machine learning the nuclear mass,D:\Sci-Evo 我能突破束缚的团队核物理数据集\dataset\final\Research\NPP_0122.json,D:\Sci-Evo 我能突破束缚的团队核物理数据集\parsed\papers\深度学习_核结构\arxiv_2105.02445.md
NPP_0141,deep_learning_nuclear,arxiv_2508.01001,P1,必须修复,1,发布前修复 schema/字段错误；必要时重新生成 metadata。,18,1,Criticality analysis of nuclear binding energy neural networks,Criticality analysis of nuclear binding energy neural networks,D:\Sci-Evo 我能突破束缚的团队核物理数据集\dataset\final\Research\NPP_0141.json,D:\Sci-Evo 我能突破束缚的团队核物理数据集\parsed\papers\深度学习_核结构\arxiv_2508.01001.md
NPP_0179,nuclear_scattering,arxiv_2501.03958,P1,必须修复,2,发布前修复 schema/字段错误；必要时重新生成 metadata。,21,5,Nuclear cross sections from low-energy interactions,Nuclear cross sections from low-energy interactions,D:\Sci-Evo 我能突破束缚的团队核物理数据集\dataset\final\Research\NPP_0179.json,D:\Sci-Evo 我能突破束缚的团队核物理数据集\parsed\papers\核散射_截面\arxiv_2501.03958.md
NPP_0009,alpha_decay_wkb,arxiv_1609.00847,P2,人工复核,2,复核证据，确定保留、修复或替换。,21,4,Shell plus pairing effect arguments for cluster preformation at the nuclear surface in cold fission,Shell plus pairing effect arguments for cluster preformation at the nuclear surface in cold fission,D:\Sci-Evo 我能突破束缚的团队核物理数据集\dataset\final\Research\NPP_0009.json,D:\Sci-Evo 我能突破束缚的团队核物理数据集\parsed\papers\alpha   WKB\arxiv_1609.00847.md
NPP_0025,alpha_decay_wkb,arxiv_nucl-th_0510082,P2,人工复核,1,复核证据，确定保留、修复或替换。,6,0,$\alpha$ -nucleus potential for $\alpha$ -decay and sub-barrier fusion,$\alpha$ -nucleus potential for $\alpha$ -decay and sub-barrier fusion,D:\Sci-Evo 我能突破束缚的团队核物理数据集\dataset\final\Research\NPP_0025.json,D:\Sci-Evo 我能突破束缚的团队核物理数据集\parsed\papers\alpha   WKB\arxiv_nucl-th_0510082.md
NPP_0036,alpha_decay_liquid_drop,arxiv_2101.07142,P2,人工复核,2,复核证据，确定保留、修复或替换。,14,0,I. INTRODUCTION,I. INTRODUCTION,D:\Sci-Evo 我能突破束缚的团队核物理数据集\dataset\final\Research\NPP_0036.json,D:\Sci-Evo 我能突破束缚的团队核物理数据集\parsed\papers\alpha_液滴模型\arxiv_2101.07142.md
NPP_0037,alpha_decay_liquid_drop,arxiv_2201.08268,P2,人工复核,1,复核证据，确定保留、修复或替换。,20,4,On the Stability of Superheavy Nuclei,On the Stability of Superheavy Nuclei,D:\Sci-Evo 我能突破束缚的团队核物理数据集\dataset\final\Research\NPP_0037.json,D:\Sci-Evo 我能突破束缚的团队核物理数据集\parsed\papers\alpha_液滴模型\arxiv_2201.08268.md
NPP_0065,alpha_decay_shell_model,arxiv_2108.12484,P2,人工复核,3,复核证据，确定保留、修复或替换。,12,1,Energy dependent ratios of level-density parameters in superheavy nuclei,Energy dependent ratios of level-density parameters in superheavy nuclei,D:\Sci-Evo 我能突破束缚的团队核物理数据集\dataset\final\Research\NPP_0065.json,D:\Sci-Evo 我能突破束缚的团队核物理数据集\parsed\papers\alpha_壳模型\arxiv_2108.12484.md
NPP_0069,alpha_decay_shell_model,arxiv_2407.18025,P2,人工复核,1,复核证据，确定保留、修复或替换。,15,4,Alpha-decay from $^ { 4 4 }$ Ti: Microscopic alpha half-live calculation using normalized spectroscopic factor,Alpha-decay from $^ { 4 4 }$ Ti: Microscopic alpha half-live calculation using normalized spectroscopic factor,D:\Sci-Evo 我能突破束缚的团队核物理数据集\dataset\final\Research\NPP_0069.json,D:\Sci-Evo 我能突破束缚的团队核物理数据集\parsed\papers\alpha_壳模型\arxiv_2407.18025.md
NPP_0070,alpha_decay_shell_model,arxiv_2506.02684,P2,人工复核,3,复核证据，确定保留、修复或替换。,17,3,"Deformed magic numbers at ${ \bf { { N = 1 7 8 } } }$ and ${ Z = } \mathbf { 1 } 2 \mathbf { 0 }$ , 124 in the ${ \bf 1 1 2 } \le N \le { \bf 1 9 0 }$ superheavy region from Skyrme mean-field calculations","Deformed magic numbers at ${ \bf { { N = 1 7 8 } } }$ and ${ Z = } \mathbf { 1 } 2 \mathbf { 0 }$ , 124 in the ${ \bf 1 1 2 } \le N \le { \bf 1 9 0 }$ superheavy region from Skyrme mean-field calculations",D:\Sci-Evo 我能突破束缚的团队核物理数据集\dataset\final\Research\NPP_0070.json,D:\Sci-Evo 我能突破束缚的团队核物理数据集\parsed\papers\alpha_壳模型\arxiv_2506.02684.md
NPP_0073,alpha_decay_shell_model,arxiv_1604.00296,P2,人工复核,1,复核证据，确定保留、修复或替换。,14,0,Predictions on the alpha decay half lives of Superheavy nuclei with $\mathbf { Z } = \mathbf { 1 } \mathbf { 1 } 3$ in the range $2 5 5 \leq \mathrm { A } \leq 3 1 4$,Predictions on the alpha decay half lives of Superheavy nuclei with $\mathbf { Z } = \mathbf { 1 } \mathbf { 1 } 3$ in the range $2 5 5 \leq \mathrm { A } \leq 3 1 4$,D:\Sci-Evo 我能突破束缚的团队核物理数据集\dataset\final\Research\NPP_0073.json,D:\Sci-Evo 我能突破束缚的团队核物理数据集\parsed\papers\alpha_壳模型\arxiv_1604.00296.md
NPP_0078,alpha_decay_cluster_model,arxiv_1505.05013,P2,人工复核,2,复核证据，确定保留、修复或替换。,13,0,Single universal curve for  decay derived from semi-microscopic calculations,Single universal curve for  decay derived from semi-microscopic calculations,D:\Sci-Evo 我能突破束缚的团队核物理数据集\dataset\final\Research\NPP_0078.json,D:\Sci-Evo 我能突破束缚的团队核物理数据集\parsed\papers\alpha_团簇模型\arxiv_1505.05013.md
NPP_0079,alpha_decay_cluster_model,arxiv_1809.04952,P2,人工复核,2,复核证据，确定保留、修复或替换。,22,5,Cluster-Daughter Overlap as a New Probe of Alpha-Cluster Formation in Medium-Mass and Heavy Even-Even Nuclei,Cluster-Daughter Overlap as a New Probe of Alpha-Cluster Formation in Medium-Mass and Heavy Even-Even Nuclei,D:\Sci-Evo 我能突破束缚的团队核物理数据集\dataset\final\Research\NPP_0079.json,D:\Sci-Evo 我能突破束缚的团队核物理数据集\parsed\papers\alpha_团簇模型\arxiv_1809.04952.md
NPP_0081,alpha_decay_cluster_model,arxiv_2305.05613,P2,人工复核,1,复核证据，确定保留、修复或替换。,18,1,Quest for a Universal Cluster Preformation Formula: A new paradigm for estimating the cluster formation energy,Quest for a Universal Cluster Preformation Formula: A new paradigm for estimating the cluster formation energy,D:\Sci-Evo 我能突破束缚的团队核物理数据集\dataset\final\Research\NPP_0081.json,D:\Sci-Evo 我能突破束缚的团队核物理数据集\parsed\papers\alpha_团簇模型\arxiv_2305.05613.md
NPP_0088,alpha_decay_cluster_model,arxiv_2602.24175,P2,人工复核,3,复核证据，确定保留、修复或替换。,12,0,Theoretical Studies of $\alpha$ Clustering in Nuclei and Beyond,Theoretical Studies of $\alpha$ Clustering in Nuclei and Beyond,D:\Sci-Evo 我能突破束缚的团队核物理数据集\dataset\final\Research\NPP_0088.json,D:\Sci-Evo 我能突破束缚的团队核物理数据集\parsed\papers\alpha_团簇模型\arxiv_2602.24175.md
NPP_0090,alpha_decay_cluster_model,arxiv_nucl-th_0510082,P2,人工复核,2,复核证据，确定保留、修复或替换。,21,4,$\alpha$ -nucleus potential for $\alpha$ -decay and sub-barrier fusion,$\alpha$ -nucleus potential for $\alpha$ -decay and sub-barrier fusion,D:\Sci-Evo 我能突破束缚的团队核物理数据集\dataset\final\Research\NPP_0090.json,D:\Sci-Evo 我能突破束缚的团队核物理数据集\parsed\papers\alpha   WKB\arxiv_nucl-th_0510082.md
NPP_0092,alpha_decay_double_folding,arxiv_0803.4151,P2,人工复核,2,复核证据，确定保留、修复或替换。,14,0,SUPERHEAVY ELEMENTS IN THE MAGIC ISLANDS,SUPERHEAVY ELEMENTS IN THE MAGIC ISLANDS,D:\Sci-Evo 我能突破束缚的团队核物理数据集\dataset\final\Research\NPP_0092.json,D:\Sci-Evo 我能突破束缚的团队核物理数据集\parsed\papers\alpha_双折叠势模型\arxiv_0803.4151.md
NPP_0107,alpha_decay_double_folding,arxiv_nucl-th_0602008,P2,人工复核,2,复核证据，确定保留、修复或替换。,20,3,"$\alpha$ -nucleus potentials, $\alpha$ -decay half-lives, and shell closures for superheavy nuclei","$\alpha$ -nucleus potentials, $\alpha$ -decay half-lives, and shell closures for superheavy nuclei",D:\Sci-Evo 我能突破束缚的团队核物理数据集\dataset\final\Research\NPP_0107.json,D:\Sci-Evo 我能突破束缚的团队核物理数据集\parsed\papers\alpha_双折叠势模型\arxiv_nucl-th_0602008.md
NPP_0110,deep_learning_nuclear,arxiv_1301.2407,P2,人工复核,2,复核证据，确定保留、修复或替换。,15,0,Systematics on ground-state energies of nuclei within the neural networks,Systematics on ground-state energies of nuclei within the neural networks,D:\Sci-Evo 我能突破束缚的团队核物理数据集\dataset\final\Research\NPP_0110.json,D:\Sci-Evo 我能突破束缚的团队核物理数据集\parsed\papers\深度学习_核结构\arxiv_1301.2407.md
NPP_0119,deep_learning_nuclear,arxiv_2003.07050,P2,人工复核,1,复核证据，确定保留、修复或替换。,17,0,Determination of Photonuclear Reaction Cross-Sections on stable p-shell Nuclei by Using Deep Neural Networks,Determination of Photonuclear Reaction Cross-Sections on stable p-shell Nuclei by Using Deep Neural Networks,D:\Sci-Evo 我能突破束缚的团队核物理数据集\dataset\final\Research\NPP_0119.json,D:\Sci-Evo 我能突破束缚的团队核物理数据集\parsed\papers\深度学习_核结构\arxiv_2003.07050.md
NPP_0121,deep_learning_nuclear,arxiv_2101.12117,P2,人工复核,1,复核证据，确定保留、修复或替换。,17,0,Nuclear binding energy predictions using neural networks: Application of the multilayer perceptron,Nuclear binding energy predictions using neural networks: Application of the multilayer perceptron,D:\Sci-Evo 我能突破束缚的团队核物理数据集\dataset\final\Research\NPP_0121.json,D:\Sci-Evo 我能突破束缚的团队核物理数据集\parsed\papers\深度学习_核结构\arxiv_2101.12117.md
NPP_0123,deep_learning_nuclear,arxiv_2112.12562,P2,人工复核,2,复核证据，确定保留、修复或替换。,20,7,Artificial Intelligence Supported Shell-Model Calculations for Light Sn Isotopes,Artificial Intelligence Supported Shell-Model Calculations for Light Sn Isotopes,D:\Sci-Evo 我能突破束缚的团队核物理数据集\dataset\final\Research\NPP_0123.json,D:\Sci-Evo 我能突破束缚的团队核物理数据集\parsed\papers\深度学习_核结构\arxiv_2112.12562.md
NPP_0126,deep_learning_nuclear,arxiv_2208.04783,P2,人工复核,1,复核证据，确定保留、修复或替换。,17,0,Nuclear mass predictions with machine learning reaching the accuracy required by $r$ -process studies,Nuclear mass predictions with machine learning reaching the accuracy required by $r$ -process studies,D:\Sci-Evo 我能突破束缚的团队核物理数据集\dataset\final\Research\NPP_0126.json,D:\Sci-Evo 我能突破束缚的团队核物理数据集\parsed\papers\深度学习_核结构\arxiv_2208.04783.md
NPP_0129,deep_learning_nuclear,arxiv_2306.11314,P2,人工复核,2,复核证据，确定保留、修复或替换。,19,4,Analysis of a Skyrme energy density functional with deep learning,Analysis of a Skyrme energy density functional with deep learning,D:\Sci-Evo 我能突破束缚的团队核物理数据集\dataset\final\Research\NPP_0129.json,D:\Sci-Evo 我能突破束缚的团队核物理数据集\parsed\papers\深度学习_核结构\arxiv_2306.11314.md
NPP_0153,nuclear_scattering,arxiv_1009.0545,P2,人工复核,2,复核证据，确定保留、修复或替换。,16,5,Running Coupling Corrections to High Energy Inclusive Gluon Production,Running Coupling Corrections to High Energy Inclusive Gluon Production,D:\Sci-Evo 我能突破束缚的团队核物理数据集\dataset\final\Research\NPP_0153.json,D:\Sci-Evo 我能突破束缚的团队核物理数据集\parsed\papers\核散射_截面\arxiv_1009.0545.md
NPP_0154,nuclear_scattering,arxiv_1206.4445,P2,人工复核,1,复核证据，确定保留、修复或替换。,11,2,Tensor polarization of deuterons passing through matter,Tensor polarization of deuterons passing through matter,D:\Sci-Evo 我能突破束缚的团队核物理数据集\dataset\final\Research\NPP_0154.json,D:\Sci-Evo 我能突破束缚的团队核物理数据集\parsed\papers\核散射_截面\arxiv_1206.4445.md
NPP_0177,nuclear_scattering,arxiv_2404.01653,P2,人工复核,3,复核证据，确定保留、修复或替换。,19,2,Investigation of reaction and $\alpha$ production cross sections with 9Be projectile,Investigation of reaction and $\alpha$ production cross sections with 9Be projectile,D:\Sci-Evo 我能突破束缚的团队核物理数据集\dataset\final\Research\NPP_0177.json,D:\Sci-Evo 我能突破束缚的团队核物理数据集\parsed\papers\核散射_截面\arxiv_2404.01653.md
NPP_0189,nuclear_scattering,arxiv_nucl-th_9212009,P2,人工复核,1,复核证据，确定保留、修复或替换。,20,5,Cross section fluctuations and chaoticity in heavy–ion dynamics,Cross section fluctuations and chaoticity in heavy–ion dynamics,D:\Sci-Evo 我能突破束缚的团队核物理数据集\dataset\final\Research\NPP_0189.json,D:\Sci-Evo 我能突破束缚的团队核物理数据集\parsed\papers\核散射_截面\arxiv_nucl-th_9212009.md
NPP_0228,ml_alpha_halflife,arxiv_2603.07983,P2,人工复核,4,复核证据，确定保留、修复或替换。,6,0,Correlation between nuclear isospin asymmetry and $\alpha$ -particle preformation probability for superheavy nuclei from a Bayesian inference,Correlation between nuclear isospin asymmetry and $\alpha$ -particle preformation probability for superheavy nuclei from a Bayesian inference,D:\Sci-Evo 我能突破束缚的团队核物理数据集\dataset\final\Research\NPP_0228.json,D:\Sci-Evo 我能突破束缚的团队核物理数据集\parsed\papers\机器学习_alpha半衰期\arxiv_2603.07983.md
NPP_0002,alpha_decay_wkb,arxiv_0806.1903,P3,格式清理,1,批量清理格式和文本问题。,14,0,Quantum time scales in alpha tunneling,Quantum time scales in alpha tunneling,D:\Sci-Evo 我能突破束缚的团队核物理数据集\dataset\final\Research\NPP_0002.json,D:\Sci-Evo 我能突破束缚的团队核物理数据集\parsed\papers\alpha   WKB\arxiv_0806.1903.md
NPP_0004,alpha_decay_wkb,arxiv_0909.1602,P3,格式清理,3,批量清理格式和文本问题。,12,2,A new barrier penetration formula and its application to $\alpha$ -decay half-lives,A new barrier penetration formula and its application to $\alpha$ -decay half-lives,D:\Sci-Evo 我能突破束缚的团队核物理数据集\dataset\final\Research\NPP_0004.json,D:\Sci-Evo 我能突破束缚的团队核物理数据集\parsed\papers\alpha   WKB\arxiv_0909.1602.md
NPP_0006,alpha_decay_wkb,arxiv_1401.1841,P3,格式清理,1,批量清理格式和文本问题。,14,0,Tunneling times and bremsstrahlung in alpha decay,Tunneling times and bremsstrahlung in alpha decay,D:\Sci-Evo 我能突破束缚的团队核物理数据集\dataset\final\Research\NPP_0006.json,D:\Sci-Evo 我能突破束缚的团队核物理数据集\parsed\papers\alpha   WKB\arxiv_1401.1841.md
NPP_0007,alpha_decay_wkb,arxiv_1405.5633,P3,格式清理,1,批量清理格式和文本问题。,13,1,On the Validity of the Geiger-Nuttall Alpha-Decay Law and its Microscopic Basis,On the Validity of the Geiger-Nuttall Alpha-Decay Law and its Microscopic Basis,D:\Sci-Evo 我能突破束缚的团队核物理数据集\dataset\final\Research\NPP_0007.json,D:\Sci-Evo 我能突破束缚的团队核物理数据集\parsed\papers\alpha   WKB\arxiv_1405.5633.md
NPP_0008,alpha_decay_wkb,arxiv_1608.00701,P3,格式清理,2,批量清理格式和文本问题。,14,2,"Unified description of the proton, alpha, cluster decays and spontaneously fissions half- life","Unified description of the proton, alpha, cluster decays and spontaneously fissions half- life",D:\Sci-Evo 我能突破束缚的团队核物理数据集\dataset\final\Research\NPP_0008.json,D:\Sci-Evo 我能突破束缚的团队核物理数据集\parsed\papers\alpha   WKB\arxiv_1608.00701.md
NPP_0011,alpha_decay_wkb,arxiv_1707.04568,P3,格式清理,2,批量清理格式和文本问题。,13,1,Systematic study of α decay using different versions of proximity formalism,Systematic study of α decay using different versions of proximity formalism,D:\Sci-Evo 我能突破束缚的团队核物理数据集\dataset\final\Research\NPP_0011.json,D:\Sci-Evo 我能突破束缚的团队核物理数据集\parsed\papers\alpha   WKB\arxiv_1707.04568.md
NPP_0012,alpha_decay_wkb,arxiv_1708.01935,P3,格式清理,2,批量清理格式和文本问题。,11,0,α-decay half-lives for Pb isotopes within Gamow-like model,α-decay half-lives for Pb isotopes within Gamow-like model,D:\Sci-Evo 我能突破束缚的团队核物理数据集\dataset\final\Research\NPP_0012.json,D:\Sci-Evo 我能突破束缚的团队核物理数据集\parsed\papers\alpha   WKB\arxiv_1708.01935.md
NPP_0013,alpha_decay_wkb,arxiv_2402.06069,P3,格式清理,2,批量清理格式和文本问题。,19,2,Exploring the competition between $\alpha$ -decay and proton radioactivity: A comparative study of proximity potential formalisms,Exploring the competition between $\alpha$ -decay and proton radioactivity: A comparative study of proximity potential formalisms,D:\Sci-Evo 我能突破束缚的团队核物理数据集\dataset\final\Research\NPP_0013.json,D:\Sci-Evo 我能突破束缚的团队核物理数据集\parsed\papers\alpha   WKB\arxiv_2402.06069.md
NPP_0015,alpha_decay_wkb,arxiv_2407.19647,P3,格式清理,1,批量清理格式和文本问题。,13,1,Correlation between alpha-decay half-lives and symmetry energy,Correlation between alpha-decay half-lives and symmetry energy,D:\Sci-Evo 我能突破束缚的团队核物理数据集\dataset\final\Research\NPP_0015.json,D:\Sci-Evo 我能突破束缚的团队核物理数据集\parsed\papers\alpha   WKB\arxiv_2407.19647.md
NPP_0016,alpha_decay_wkb,arxiv_2508.03155,P3,格式清理,3,批量清理格式和文本问题。,20,3,Machine Learning-Driven High-Precision Model for,Machine Learning-Driven High-Precision Model for,D:\Sci-Evo 我能突破束缚的团队核物理数据集\dataset\final\Research\NPP_0016.json,D:\Sci-Evo 我能突破束缚的团队核物理数据集\parsed\papers\alpha   WKB\arxiv_2508.03155.md
NPP_0017,alpha_decay_wkb,arxiv_2509.01343,P3,格式清理,1,批量清理格式和文本问题。,16,1,The nuclear surface diffuseness effects on the alpha decay of heavy and super heavy nuclei,The nuclear surface diffuseness effects on the alpha decay of heavy and super heavy nuclei,D:\Sci-Evo 我能突破束缚的团队核物理数据集\dataset\final\Research\NPP_0017.json,D:\Sci-Evo 我能突破束缚的团队核物理数据集\parsed\papers\alpha   WKB\arxiv_2509.01343.md
NPP_0018,alpha_decay_wkb,arxiv_2510.02764,P3,格式清理,1,批量清理格式和文本问题。,17,2,Role of universal function of the nuclear proximity potential: A systematic study on the alpha-decay of heavy/super-heavy nuclei and $\alpha$ -induced reactions,Role of universal function of the nuclear proximity potential: A systematic study on the alpha-decay of heavy/super-heavy nuclei and $\alpha$ -induced reactions,D:\Sci-Evo 我能突破束缚的团队核物理数据集\dataset\final\Research\NPP_0018.json,D:\Sci-Evo 我能突破束缚的团队核物理数据集\parsed\papers\alpha   WKB\arxiv_2510.02764.md
NPP_0019,alpha_decay_wkb,arxiv_2510.18199,P3,格式清理,1,批量清理格式和文本问题。,14,1,Nonlocality Effect in the Tunneling of Alpha Radioactivity with the Aid of Machine Learning,Nonlocality Effect in the Tunneling of Alpha Radioactivity with the Aid of Machine Learning,D:\Sci-Evo 我能突破束缚的团队核物理数据集\dataset\final\Research\NPP_0019.json,D:\Sci-Evo 我能突破束缚的团队核物理数据集\parsed\papers\alpha   WKB\arxiv_2510.18199.md
NPP_0020,alpha_decay_wkb,arxiv_2510.18577,P3,格式清理,1,批量清理格式和文本问题。,18,1,$\alpha$ -decay systematics for superheavy nucleus: The effect of deformation of daughter nucleus,$\alpha$ -decay systematics for superheavy nucleus: The effect of deformation of daughter nucleus,D:\Sci-Evo 我能突破束缚的团队核物理数据集\dataset\final\Research\NPP_0020.json,D:\Sci-Evo 我能突破束缚的团队核物理数据集\parsed\papers\alpha   WKB\arxiv_2510.18577.md
NPP_0021,alpha_decay_wkb,arxiv_2602.02070,P3,格式清理,3,批量清理格式和文本问题。,21,4,A global potential constrained by the Bohr-Sommerfeld quantization condition for $\alpha$ -decay half-lives of even-even nuclei,A global potential constrained by the Bohr-Sommerfeld quantization condition for $\alpha$ -decay half-lives of even-even nuclei,D:\Sci-Evo 我能突破束缚的团队核物理数据集\dataset\final\Research\NPP_0021.json,D:\Sci-Evo 我能突破束缚的团队核物理数据集\parsed\papers\alpha   WKB\arxiv_2602.02070.md
NPP_0022,alpha_decay_wkb,arxiv_2603.16199,P3,格式清理,1,批量清理格式和文本问题。,17,0,Prediction of Alpha-Decay Half-Lives of Actinide Nuclei Using the DDM3Y Effective Interaction Potential,Prediction of Alpha-Decay Half-Lives of Actinide Nuclei Using the DDM3Y Effective Interaction Potential,D:\Sci-Evo 我能突破束缚的团队核物理数据集\dataset\final\Research\NPP_0022.json,D:\Sci-Evo 我能突破束缚的团队核物理数据集\parsed\papers\alpha   WKB\arxiv_2603.16199.md
NPP_0023,alpha_decay_wkb,arxiv_nucl-th_0204010,P3,格式清理,1,批量清理格式和文本问题。,10,0,A microscopic description for the alpha decay of nuclei using a realistic effective interaction,A microscopic description for the alpha decay of nuclei using a realistic effective interaction,D:\Sci-Evo 我能突破束缚的团队核物理数据集\dataset\final\Research\NPP_0023.json,D:\Sci-Evo 我能突破束缚的团队核物理数据集\parsed\papers\alpha   WKB\arxiv_nucl-th_0204010.md
NPP_0026,alpha_decay_wkb,scielo_RodriguezGuzman_2011,P3,格式清理,1,批量清理格式和文本问题。,16,1,Alpha decay half-lives of superheavy,Alpha decay half-lives of superheavy,D:\Sci-Evo 我能突破束缚的团队核物理数据集\dataset\final\Research\NPP_0026.json,D:\Sci-Evo 我能突破束缚的团队核物理数据集\parsed\papers\alpha   WKB\scielo_RodriguezGuzman_2011.md
NPP_0027,alpha_decay_wkb,arxiv_nucl-th_0703086,P3,格式清理,1,批量清理格式和文本问题。,12,0,Predictions of Alpha Decay Half lives of Heavy and Superheavy Elements,Predictions of Alpha Decay Half lives of Heavy and Superheavy Elements,D:\Sci-Evo 我能突破束缚的团队核物理数据集\dataset\final\Research\NPP_0027.json,D:\Sci-Evo 我能突破束缚的团队核物理数据集\parsed\papers\alpha   WKB\arxiv_nucl-th_0703086.md
NPP_0028,alpha_decay_wkb,arxiv_1711.09605,P3,格式清理,1,批量清理格式和文本问题。,12,2,Unearthing radial independence for prediction of alpha-decay half-lives,Unearthing radial independence for prediction of alpha-decay half-lives,D:\Sci-Evo 我能突破束缚的团队核物理数据集\dataset\final\Research\NPP_0028.json,D:\Sci-Evo 我能突破束缚的团队核物理数据集\parsed\papers\alpha   WKB\arxiv_1711.09605.md
NPP_0030,alpha_decay_liquid_drop,arxiv_1301.1767,P3,格式清理,3,批量清理格式和文本问题。,20,3,ALPHA DECAY FAVOURED ISOTOPES OF SOME SUPERHEAVY NUCLEI: SPONTANEOUS FISSION VERSUS ALPHA DECAY,ALPHA DECAY FAVOURED ISOTOPES OF SOME SUPERHEAVY NUCLEI: SPONTANEOUS FISSION VERSUS ALPHA DECAY,D:\Sci-Evo 我能突破束缚的团队核物理数据集\dataset\final\Research\NPP_0030.json,D:\Sci-Evo 我能突破束缚的团队核物理数据集\parsed\papers\alpha_液滴模型\arxiv_1301.1767.md
NPP_0033,alpha_decay_liquid_drop,arxiv_1609.05495,P3,格式清理,1,批量清理格式和文本问题。,11,1,Predictions on the alpha decay chains of superheavy nuclei with $\mathbf { Z } = \mathbf { 1 } 2 1$ within the range $2 9 0 \leq \mathrm { A } \leq 3 3 9$,Predictions on the alpha decay chains of superheavy nuclei with $\mathbf { Z } = \mathbf { 1 } 2 1$ within the range $2 9 0 \leq \mathrm { A } \leq 3 3 9$,D:\Sci-Evo 我能突破束缚的团队核物理数据集\dataset\final\Research\NPP_0033.json,D:\Sci-Evo 我能突破束缚的团队核物理数据集\parsed\papers\alpha_液滴模型\arxiv_1609.05495.md
NPP_0035,alpha_decay_liquid_drop,arxiv_2005.03836,P3,格式清理,2,批量清理格式和文本问题。,8,1,"Systematic study of the $\alpha$ decay preformation factor of nuclei around the ${ Z = 8 2 }$ , $N = 1 2 6$ shell closures within a generalized liquid drop model *","Systematic study of the $\alpha$ decay preformation factor of nuclei around the ${ Z = 8 2 }$ , $N = 1 2 6$ shell closures within a generalized liquid drop model *",D:\Sci-Evo 我能突破束缚的团队核物理数据集\dataset\final\Research\NPP_0035.json,D:\Sci-Evo 我能突破束缚的团队核物理数据集\parsed\papers\alpha_液滴模型\arxiv_2005.03836.md
NPP_0039,alpha_decay_liquid_drop,arxiv_2503.10987,P3,格式清理,1,批量清理格式和文本问题。,17,0,Systematic calculation on α decay and cluster radioactivity of superheavy nuclei,Systematic calculation on α decay and cluster radioactivity of superheavy nuclei,D:\Sci-Evo 我能突破束缚的团队核物理数据集\dataset\final\Research\NPP_0039.json,D:\Sci-Evo 我能突破束缚的团队核物理数据集\parsed\papers\alpha_液滴模型\arxiv_2503.10987.md
NPP_0043,alpha_decay_liquid_drop,arxiv_nucl-th_0607060,P3,格式清理,2,批量清理格式和文本问题。,13,2,$\alpha$ decay half-lives of new superheavy nuclei within a generalized liquid drop model,$\alpha$ decay half-lives of new superheavy nuclei within a generalized liquid drop model,D:\Sci-Evo 我能突破束缚的团队核物理数据集\dataset\final\Research\NPP_0043.json,D:\Sci-Evo 我能突破束缚的团队核物理数据集\parsed\papers\alpha_双折叠势模型\arxiv_nucl-th_0607060.md
NPP_0044,alpha_decay_shell_model,10_GLDM_shell_Liu_2020,P3,格式清理,1,批量清理格式和文本问题。,11,0,"Systematic study of the $\alpha$ decay preformation factor of nuclei around the ${ Z = 8 2 }$ , $N = 1 2 6$ shell closures within a generalized liquid drop model *","Systematic study of the $\alpha$ decay preformation factor of nuclei around the ${ Z = 8 2 }$ , $N = 1 2 6$ shell closures within a generalized liquid drop model *",D:\Sci-Evo 我能突破束缚的团队核物理数据集\dataset\final\Research\NPP_0044.json,D:\Sci-Evo 我能突破束缚的团队核物理数据集\parsed\papers\alpha_壳模型\10_GLDM_shell_Liu_2020.md
NPP_0045,alpha_decay_shell_model,1_CESM_Id_Betan_2012,P3,格式清理,2,批量清理格式和文本问题。,11,0,Alpha Decay in the Complex Energy Shell Model,Alpha Decay in the Complex Energy Shell Model,D:\Sci-Evo 我能突破束缚的团队核物理数据集\dataset\final\Research\NPP_0045.json,D:\Sci-Evo 我能突破束缚的团队核物理数据集\parsed\papers\alpha_壳模型\1_CESM_Id_Betan_2012.md
NPP_0049,alpha_decay_shell_model,5_NCSM_cluster_2026,P3,格式清理,2,批量清理格式和文本问题。,17,0,Theoretical Studies of $\alpha$ Clustering in Nuclei and Beyond,Theoretical Studies of $\alpha$ Clustering in Nuclei and Beyond,D:\Sci-Evo 我能突破束缚的团队核物理数据集\dataset\final\Research\NPP_0049.json,D:\Sci-Evo 我能突破束缚的团队核物理数据集\parsed\papers\alpha_壳模型\5_NCSM_cluster_2026.md
NPP_0058,alpha_decay_shell_model,arxiv_1102.2803,P3,格式清理,1,批量清理格式和文本问题。,17,0,Alpha Decay of Superheavy Nuclei,Alpha Decay of Superheavy Nuclei,D:\Sci-Evo 我能突破束缚的团队核物理数据集\dataset\final\Research\NPP_0058.json,D:\Sci-Evo 我能突破束缚的团队核物理数据集\parsed\papers\alpha_壳模型\arxiv_1102.2803.md
NPP_0060,alpha_decay_shell_model,arxiv_1208.1422,P3,格式清理,1,批量清理格式和文本问题。,19,4,Alpha Decay in the Complex Energy Shell Model,Alpha Decay in the Complex Energy Shell Model,D:\Sci-Evo 我能突破束缚的团队核物理数据集\dataset\final\Research\NPP_0060.json,D:\Sci-Evo 我能突破束缚的团队核物理数据集\parsed\papers\alpha_团簇模型\arxiv_1208.1422.md
NPP_0061,alpha_decay_shell_model,arxiv_1411.3152,P3,格式清理,1,批量清理格式和文本问题。,18,1,Pairing gaps and Fermi energies at scission for $2 9 6$ Lv alpha-decay,Pairing gaps and Fermi energies at scission for $2 9 6$ Lv alpha-decay,D:\Sci-Evo 我能突破束缚的团队核物理数据集\dataset\final\Research\NPP_0061.json,D:\Sci-Evo 我能突破束缚的团队核物理数据集\parsed\papers\alpha_壳模型\arxiv_1411.3152.md
NPP_0071,alpha_decay_shell_model,arxiv_nucl-th_0008019,P3,格式清理,2,批量清理格式和文本问题。,17,0,REFERENCES,REFERENCES,D:\Sci-Evo 我能突破束缚的团队核物理数据集\dataset\final\Research\NPP_0071.json,D:\Sci-Evo 我能突破束缚的团队核物理数据集\parsed\papers\alpha_壳模型\arxiv_nucl-th_0008019.md
NPP_0072,alpha_decay_shell_model,arxiv_nucl-th_0110010,P3,格式清理,1,批量清理格式和文本问题。,23,7,Applications of semiempirical shell model masses based on magic proton number Z = 126 to superheavy nuclei,Applications of semiempirical shell model masses based on magic proton number Z = 126 to superheavy nuclei,D:\Sci-Evo 我能突破束缚的团队核物理数据集\dataset\final\Research\NPP_0072.json,D:\Sci-Evo 我能突破束缚的团队核物理数据集\parsed\papers\alpha_壳模型\arxiv_nucl-th_0110010.md
NPP_0075,alpha_decay_cluster_model,arxiv_1111.1948,P3,格式清理,1,批量清理格式和文本问题。,16,0,Decay studies of 288−287115 alpha-decay chains,Decay studies of 288−287115 alpha-decay chains,D:\Sci-Evo 我能突破束缚的团队核物理数据集\dataset\final\Research\NPP_0075.json,D:\Sci-Evo 我能突破束缚的团队核物理数据集\parsed\papers\alpha_团簇模型\arxiv_1111.1948.md
NPP_0077,alpha_decay_cluster_model,arxiv_1311.2790,P3,格式清理,4,批量清理格式和文本问题。,18,1,Heavy particle radioactivity from superheavy nuclei leading to 298114 daughter nuclei,Heavy particle radioactivity from superheavy nuclei leading to 298114 daughter nuclei,D:\Sci-Evo 我能突破束缚的团队核物理数据集\dataset\final\Research\NPP_0077.json,D:\Sci-Evo 我能突破束缚的团队核物理数据集\parsed\papers\alpha_团簇模型\arxiv_1311.2790.md
NPP_0082,alpha_decay_cluster_model,arxiv_2307.01706,P3,格式清理,1,批量清理格式和文本问题。,20,3,Cluster decay dynamics of Actinides yielding non-Pb-daughter,Cluster decay dynamics of Actinides yielding non-Pb-daughter,D:\Sci-Evo 我能突破束缚的团队核物理数据集\dataset\final\Research\NPP_0082.json,D:\Sci-Evo 我能突破束缚的团队核物理数据集\parsed\papers\alpha_团簇模型\arxiv_2307.01706.md
NPP_0085,alpha_decay_cluster_model,arxiv_2507.19091,P3,格式清理,2,批量清理格式和文本问题。,11,1,Bayesian optimization and nonlocal effects method for α decay of superheavy nuclei based on CPPM,Bayesian optimization and nonlocal effects method for α decay of superheavy nuclei based on CPPM,D:\Sci-Evo 我能突破束缚的团队核物理数据集\dataset\final\Research\NPP_0085.json,D:\Sci-Evo 我能突破束缚的团队核物理数据集\parsed\papers\alpha_团簇模型\arxiv_2507.19091.md
NPP_0087,alpha_decay_cluster_model,arxiv_2511.14705,P3,格式清理,2,批量清理格式和文本问题。,16,1,Systematic Study on the $\alpha$ -particle preformation factor in the theory of $\alpha$ -decay based on the Tabular Prior-data Fitted Network (TabPFN),Systematic Study on the $\alpha$ -particle preformation factor in the theory of $\alpha$ -decay based on the Tabular Prior-data Fitted Network (TabPFN),D:\Sci-Evo 我能突破束缚的团队核物理数据集\dataset\final\Research\NPP_0087.json,D:\Sci-Evo 我能突破束缚的团队核物理数据集\parsed\papers\alpha_团簇模型\arxiv_2511.14705.md
NPP_0091,alpha_decay_double_folding,arxiv_0802.4161,P3,格式清理,1,批量清理格式和文本问题。,17,1,NUCLEAR HALF-LIVES FOR ALPHA RADIOACTIVITY OF ELEMENTS WITH,NUCLEAR HALF-LIVES FOR ALPHA RADIOACTIVITY OF ELEMENTS WITH,D:\Sci-Evo 我能突破束缚的团队核物理数据集\dataset\final\Research\NPP_0091.json,D:\Sci-Evo 我能突破束缚的团队核物理数据集\parsed\papers\alpha_双折叠势模型\arxiv_0802.4161.md
NPP_0093,alpha_decay_double_folding,arxiv_0806.0713,P3,格式清理,1,批量清理格式和文本问题。,17,0,Spectroscopic factors for alpha decay in the $N _ { p } N _ { n }$ scheme,Spectroscopic factors for alpha decay in the $N _ { p } N _ { n }$ scheme,D:\Sci-Evo 我能突破束缚的团队核物理数据集\dataset\final\Research\NPP_0093.json,D:\Sci-Evo 我能突破束缚的团队核物理数据集\parsed\papers\alpha_双折叠势模型\arxiv_0806.0713.md
NPP_0094,alpha_decay_double_folding,arxiv_0811.1619,P3,格式清理,1,批量清理格式和文本问题。,11,0,Alpha decay chains from superheavy nuclei,Alpha decay chains from superheavy nuclei,D:\Sci-Evo 我能突破束缚的团队核物理数据集\dataset\final\Research\NPP_0094.json,D:\Sci-Evo 我能突破束缚的团队核物理数据集\parsed\papers\alpha_双折叠势模型\arxiv_0811.1619.md
NPP_0099,alpha_decay_double_folding,arxiv_1901.09020,P3,格式清理,1,批量清理格式和文本问题。,17,0,Critical view of nonlocal nuclear potentials in alpha decay,Critical view of nonlocal nuclear potentials in alpha decay,D:\Sci-Evo 我能突破束缚的团队核物理数据集\dataset\final\Research\NPP_0099.json,D:\Sci-Evo 我能突破束缚的团队核物理数据集\parsed\papers\alpha_双折叠势模型\arxiv_1901.09020.md
NPP_0101,alpha_decay_double_folding,arxiv_2111.05604,P3,格式清理,2,批量清理格式和文本问题。,17,1,Calculations of the alpha decay half-lives of some Polonium isotopes using the double folding model,Calculations of the alpha decay half-lives of some Polonium isotopes using the double folding model,D:\Sci-Evo 我能突破束缚的团队核物理数据集\dataset\final\Research\NPP_0101.json,D:\Sci-Evo 我能突破束缚的团队核物理数据集\parsed\papers\alpha_双折叠势模型\arxiv_2111.05604.md
NPP_0103,alpha_decay_double_folding,arxiv_2601.21317,P3,格式清理,2,批量清理格式和文本问题。,17,1,Competing decay modes and stability analysis of superheavy nuclei with $Z = 1 2 0$ using relativistic mean-field approach,Competing decay modes and stability analysis of superheavy nuclei with $Z = 1 2 0$ using relativistic mean-field approach,D:\Sci-Evo 我能突破束缚的团队核物理数据集\dataset\final\Research\NPP_0103.json,D:\Sci-Evo 我能突破束缚的团队核物理数据集\parsed\papers\alpha_双折叠势模型\arxiv_2601.21317.md
NPP_0104,alpha_decay_double_folding,arxiv_nucl-th_0512041,P3,格式清理,3,批量清理格式和文本问题。,15,1,Predictions of $\alpha$ -decay half-lives based on potentials from self-consistent mean-field models,Predictions of $\alpha$ -decay half-lives based on potentials from self-consistent mean-field models,D:\Sci-Evo 我能突破束缚的团队核物理数据集\dataset\final\Research\NPP_0104.json,D:\Sci-Evo 我能突破束缚的团队核物理数据集\parsed\papers\alpha_双折叠势模型\arxiv_nucl-th_0512041.md
NPP_0105,alpha_decay_double_folding,arxiv_nucl-th_0206035,P3,格式清理,2,批量清理格式和文本问题。,18,1,Folding model analysis of alpha radioactivity,Folding model analysis of alpha radioactivity,D:\Sci-Evo 我能突破束缚的团队核物理数据集\dataset\final\Research\NPP_0105.json,D:\Sci-Evo 我能突破束缚的团队核物理数据集\parsed\papers\alpha_双折叠势模型\arxiv_nucl-th_0206035.md
NPP_0108,alpha_decay_double_folding,arxiv_nucl-th_0607060,P3,格式清理,1,批量清理格式和文本问题。,17,5,$\alpha$ decay half-lives of new superheavy nuclei within a generalized liquid drop model,$\alpha$ decay half-lives of new superheavy nuclei within a generalized liquid drop model,D:\Sci-Evo 我能突破束缚的团队核物理数据集\dataset\final\Research\NPP_0108.json,D:\Sci-Evo 我能突破束缚的团队核物理数据集\parsed\papers\alpha_双折叠势模型\arxiv_nucl-th_0607060.md
NPP_0115,deep_learning_nuclear,arxiv_1904.00057,P3,格式清理,1,批量清理格式和文本问题。,9,0,Statistical learnability of nuclear masses,Statistical learnability of nuclear masses,D:\Sci-Evo 我能突破束缚的团队核物理数据集\dataset\final\Research\NPP_0115.json,D:\Sci-Evo 我能突破束缚的团队核物理数据集\parsed\papers\深度学习_核结构\arxiv_1904.00057.md
NPP_0118,deep_learning_nuclear,arxiv_2002.08218,P3,格式清理,1,批量清理格式和文本问题。,17,0,Estimations of First $2 ^ { + }$ Energy States of Even-even,Estimations of First $2 ^ { + }$ Energy States of Even-even,D:\Sci-Evo 我能突破束缚的团队核物理数据集\dataset\final\Research\NPP_0118.json,D:\Sci-Evo 我能突破束缚的团队核物理数据集\parsed\papers\深度学习_核结构\arxiv_2002.08218.md
NPP_0125,deep_learning_nuclear,arxiv_2207.03828,P3,格式清理,2,批量清理格式和文本问题。,10,0,Machine Learning for the Prediction of Converged Energies from Ab Initio Nuclear Structure Calculations,Machine Learning for the Prediction of Converged Energies from Ab Initio Nuclear Structure Calculations,D:\Sci-Evo 我能突破束缚的团队核物理数据集\dataset\final\Research\NPP_0125.json,D:\Sci-Evo 我能突破束缚的团队核物理数据集\parsed\papers\深度学习_核结构\arxiv_2207.03828.md
NPP_0130,deep_learning_nuclear,arxiv_2310.05256,P3,格式清理,1,批量清理格式和文本问题。,17,0,Precise neural network predictions of energies and radii from the no-core shell model,Precise neural network predictions of energies and radii from the no-core shell model,D:\Sci-Evo 我能突破束缚的团队核物理数据集\dataset\final\Research\NPP_0130.json,D:\Sci-Evo 我能突破束缚的团队核物理数据集\parsed\papers\深度学习_核结构\arxiv_2310.05256.md
NPP_0133,deep_learning_nuclear,arxiv_2401.02824,P3,格式清理,2,批量清理格式和文本问题。,13,1,Nuclear mass predictions using machine learning models,Nuclear mass predictions using machine learning models,D:\Sci-Evo 我能突破束缚的团队核物理数据集\dataset\final\Research\NPP_0133.json,D:\Sci-Evo 我能突破束缚的团队核物理数据集\parsed\papers\深度学习_核结构\arxiv_2401.02824.md
NPP_0135,deep_learning_nuclear,arxiv_2411.19470,P3,格式清理,1,批量清理格式和文本问题。,18,1,Deep learning for nuclear masses in deformed relativistic Hartree-Bogoliubov theory in continuum,Deep learning for nuclear masses in deformed relativistic Hartree-Bogoliubov theory in continuum,D:\Sci-Evo 我能突破束缚的团队核物理数据集\dataset\final\Research\NPP_0135.json,D:\Sci-Evo 我能突破束缚的团队核物理数据集\parsed\papers\深度学习_核结构\arxiv_2411.19470.md
NPP_0139,deep_learning_nuclear,arxiv_2504.09013,P3,格式清理,1,批量清理格式和文本问题。,15,0,Quantifying uncertainty in machine learning on nuclear binding energy,Quantifying uncertainty in machine learning on nuclear binding energy,D:\Sci-Evo 我能突破束缚的团队核物理数据集\dataset\final\Research\NPP_0139.json,D:\Sci-Evo 我能突破束缚的团队核物理数据集\parsed\papers\深度学习_核结构\arxiv_2504.09013.md
NPP_0140,deep_learning_nuclear,arxiv_2505.10750,P3,格式清理,2,批量清理格式和文本问题。,9,0,Probing the refined performance of the Categorical-Boosting algorithm to the Hartree-Fock-Bogoliubov mass model with different Skyrme forces,Probing the refined performance of the Categorical-Boosting algorithm to the Hartree-Fock-Bogoliubov mass model with different Skyrme forces,D:\Sci-Evo 我能突破束缚的团队核物理数据集\dataset\final\Research\NPP_0140.json,D:\Sci-Evo 我能突破束缚的团队核物理数据集\parsed\papers\深度学习_核结构\arxiv_2505.10750.md
NPP_0143,deep_learning_nuclear,arxiv_2510.11815,P3,格式清理,1,批量清理格式和文本问题。,18,5,The mass of $^ \mathrm { 1 0 1 }$ Sn and Bayesian extrapolations to the proton drip line,The mass of $^ \mathrm { 1 0 1 }$ Sn and Bayesian extrapolations to the proton drip line,D:\Sci-Evo 我能突破束缚的团队核物理数据集\dataset\final\Research\NPP_0143.json,D:\Sci-Evo 我能突破束缚的团队核物理数据集\parsed\papers\深度学习_核结构\arxiv_2510.11815.md
NPP_0144,deep_learning_nuclear,arxiv_2602.11193,P3,格式清理,1,批量清理格式和文本问题。,13,0,Addressing the ground state of the deuteron by physics-informed neural networks,Addressing the ground state of the deuteron by physics-informed neural networks,D:\Sci-Evo 我能突破束缚的团队核物理数据集\dataset\final\Research\NPP_0144.json,D:\Sci-Evo 我能突破束缚的团队核物理数据集\parsed\papers\深度学习_核结构\arxiv_2602.11193.md
NPP_0148,deep_learning_nuclear,arxiv_2604.08253,P3,格式清理,1,批量清理格式和文本问题。,14,0,High-precision ab initio nuclear theory: Learning to overcome model-space limitations,High-precision ab initio nuclear theory: Learning to overcome model-space limitations,D:\Sci-Evo 我能突破束缚的团队核物理数据集\dataset\final\Research\NPP_0148.json,D:\Sci-Evo 我能突破束缚的团队核物理数据集\parsed\papers\深度学习_核结构\arxiv_2604.08253.md
NPP_0151,nuclear_scattering,arxiv_0806.0756,P3,格式清理,1,批量清理格式和文本问题。,17,0,The Folding Deuteron Optical Model Potentials,The Folding Deuteron Optical Model Potentials,D:\Sci-Evo 我能突破束缚的团队核物理数据集\dataset\final\Research\NPP_0151.json,D:\Sci-Evo 我能突破束缚的团队核物理数据集\parsed\papers\核散射_截面\arxiv_0806.0756.md
NPP_0152,nuclear_scattering,arxiv_0911.3991,P3,格式清理,1,批量清理格式和文本问题。,16,2,Global Optical Potential for the Elastic Scattering of $_ 6$ He at Low Energies,Global Optical Potential for the Elastic Scattering of $_ 6$ He at Low Energies,D:\Sci-Evo 我能突破束缚的团队核物理数据集\dataset\final\Research\NPP_0152.json,D:\Sci-Evo 我能突破束缚的团队核物理数据集\parsed\papers\核散射_截面\arxiv_0911.3991.md
NPP_0155,nuclear_scattering,arxiv_1303.1368,P3,格式清理,1,批量清理格式和文本问题。,17,0,"Total reaction cross section $\sigma _ { \mathrm { r e a c } }$ of $\alpha$ -induced reactions from elastic scattering: the example $^ { 1 4 0 } \mathbf { C e } ( \alpha , \alpha ) ^ { 1 4 0 } \mathbf { C e }$","Total reaction cross section $\sigma _ { \mathrm { r e a c } }$ of $\alpha$ -induced reactions from elastic scattering: the example $^ { 1 4 0 } \mathbf { C e } ( \alpha , \alpha ) ^ { 1 4 0 } \mathbf { C e }$",D:\Sci-Evo 我能突破束缚的团队核物理数据集\dataset\final\Research\NPP_0155.json,D:\Sci-Evo 我能突破束缚的团队核物理数据集\parsed\papers\核散射_截面\arxiv_1303.1368.md
NPP_0160,nuclear_scattering,arxiv_1604.08635,P3,格式清理,1,批量清理格式和文本问题。,23,6,Statistical Hauser-Feshbach theory with width fluctuation correction including direct reaction channels for neutron induced reaction at low energies,Statistical Hauser-Feshbach theory with width fluctuation correction including direct reaction channels for neutron induced reaction at low energies,D:\Sci-Evo 我能突破束缚的团队核物理数据集\dataset\final\Research\NPP_0160.json,D:\Sci-Evo 我能突破束缚的团队核物理数据集\parsed\papers\核散射_截面\arxiv_1604.08635.md
NPP_0161,nuclear_scattering,arxiv_1605.05455,P3,格式清理,1,批量清理格式和文本问题。,17,0,Comment on ”Solution of the $\alpha$ -Potential Mystery in the $\gamma$ Process and Its Impact on the Nd/Sm Ratio in Meteorites”,Comment on ”Solution of the $\alpha$ -Potential Mystery in the $\gamma$ Process and Its Impact on the Nd/Sm Ratio in Meteorites”,D:\Sci-Evo 我能突破束缚的团队核物理数据集\dataset\final\Research\NPP_0161.json,D:\Sci-Evo 我能突破束缚的团队核物理数据集\parsed\papers\核散射_截面\arxiv_1605.05455.md
NPP_0163,nuclear_scattering,arxiv_1704.06719,P3,格式清理,1,批量清理格式和文本问题。,15,0,The neutron-skin thickness of $^ { 4 8 }$ Ca from a nonlocal-dispersive-optical-model analysis,The neutron-skin thickness of $^ { 4 8 }$ Ca from a nonlocal-dispersive-optical-model analysis,D:\Sci-Evo 我能突破束缚的团队核物理数据集\dataset\final\Research\NPP_0163.json,D:\Sci-Evo 我能突破束缚的团队核物理数据集\parsed\papers\核散射_截面\arxiv_1704.06719.md
NPP_0168,nuclear_scattering,arxiv_2006.00024,P3,格式清理,1,批量清理格式和文本问题。,18,2,Isotopically resolved neutron total cross sections at intermediate energies,Isotopically resolved neutron total cross sections at intermediate energies,D:\Sci-Evo 我能突破束缚的团队核物理数据集\dataset\final\Research\NPP_0168.json,D:\Sci-Evo 我能突破束缚的团队核物理数据集\parsed\papers\核散射_截面\arxiv_2006.00024.md
NPP_0169,nuclear_scattering,arxiv_2006.03885,P3,格式清理,1,批量清理格式和文本问题。,18,1,Successful prediction of total $\alpha$ -induced reaction cross sections at astrophysically relevant sub-Coulomb energies using a novel approach,Successful prediction of total $\alpha$ -induced reaction cross sections at astrophysically relevant sub-Coulomb energies using a novel approach,D:\Sci-Evo 我能突破束缚的团队核物理数据集\dataset\final\Research\NPP_0169.json,D:\Sci-Evo 我能突破束缚的团队核物理数据集\parsed\papers\核散射_截面\arxiv_2006.03885.md
NPP_0172,nuclear_scattering,arxiv_2206.07939,P3,格式清理,1,批量清理格式和文本问题。,17,6,Incomplete absorption reactions at high energy,Incomplete absorption reactions at high energy,D:\Sci-Evo 我能突破束缚的团队核物理数据集\dataset\final\Research\NPP_0172.json,D:\Sci-Evo 我能突破束缚的团队核物理数据集\parsed\papers\核散射_截面\arxiv_2206.07939.md
NPP_0174,nuclear_scattering,arxiv_2211.12113,P3,格式清理,2,批量清理格式和文本问题。,17,0,"Role of neutron transfer in the reaction mechanism of 9Be+169Tm, 181Ta, 187Re and 197Au systems","Role of neutron transfer in the reaction mechanism of 9Be+169Tm, 181Ta, 187Re and 197Au systems",D:\Sci-Evo 我能突破束缚的团队核物理数据集\dataset\final\Research\NPP_0174.json,D:\Sci-Evo 我能突破束缚的团队核物理数据集\parsed\papers\核散射_截面\arxiv_2211.12113.md
NPP_0176,nuclear_scattering,arxiv_2402.19008,P3,格式清理,2,批量清理格式和文本问题。,12,0,Investigation of the determination of nuclear deformation using high-energy heavy-ion scattering,Investigation of the determination of nuclear deformation using high-energy heavy-ion scattering,D:\Sci-Evo 我能突破束缚的团队核物理数据集\dataset\final\Research\NPP_0176.json,D:\Sci-Evo 我能突破束缚的团队核物理数据集\parsed\papers\核散射_截面\arxiv_2402.19008.md
NPP_0178,nuclear_scattering,arxiv_2409.19438,P3,格式清理,1,批量清理格式和文本问题。,15,1,Investigating the weak charge of $4 8$ Ca using a dispersive optical model,Investigating the weak charge of $4 8$ Ca using a dispersive optical model,D:\Sci-Evo 我能突破束缚的团队核物理数据集\dataset\final\Research\NPP_0178.json,D:\Sci-Evo 我能突破束缚的团队核物理数据集\parsed\papers\核散射_截面\arxiv_2409.19438.md
NPP_0180,nuclear_scattering,arxiv_2504.01433,P3,格式清理,1,批量清理格式和文本问题。,16,2,Reaction and interaction nucleus-nucleus cross sections in the complete Glauber theory,Reaction and interaction nucleus-nucleus cross sections in the complete Glauber theory,D:\Sci-Evo 我能突破束缚的团队核物理数据集\dataset\final\Research\NPP_0180.json,D:\Sci-Evo 我能突破束缚的团队核物理数据集\parsed\papers\核散射_截面\arxiv_2504.01433.md
NPP_0181,nuclear_scattering,arxiv_2512.08097,P3,格式清理,2,批量清理格式和文本问题。,17,0,Wavefunction-Based Emulation of Coupled-Channels Scattering with Non-Affinely Parametrized Interactions,Wavefunction-Based Emulation of Coupled-Channels Scattering with Non-Affinely Parametrized Interactions,D:\Sci-Evo 我能突破束缚的团队核物理数据集\dataset\final\Research\NPP_0181.json,D:\Sci-Evo 我能突破束缚的团队核物理数据集\parsed\papers\核散射_截面\arxiv_2512.08097.md
NPP_0183,nuclear_scattering,arxiv_nucl-th_0010006,P3,格式清理,1,批量清理格式和文本问题。,19,6,Unified optical-model approach to low-energy antiproton annihilation on nuclei and to antiprotonic atoms,Unified optical-model approach to low-energy antiproton annihilation on nuclei and to antiprotonic atoms,D:\Sci-Evo 我能突破束缚的团队核物理数据集\dataset\final\Research\NPP_0183.json,D:\Sci-Evo 我能突破束缚的团队核物理数据集\parsed\papers\核散射_截面\arxiv_nucl-th_0010006.md
NPP_0184,nuclear_scattering,arxiv_nucl-th_0106063,P3,格式清理,1,批量清理格式和文本问题。,14,1,Physics of Antiproton Nuclear Interactions near Threshold,Physics of Antiproton Nuclear Interactions near Threshold,D:\Sci-Evo 我能突破束缚的团队核物理数据集\dataset\final\Research\NPP_0184.json,D:\Sci-Evo 我能突破束缚的团队核物理数据集\parsed\papers\核散射_截面\arxiv_nucl-th_0106063.md
NPP_0186,nuclear_scattering,arxiv_nucl-th_0212098,P3,格式清理,2,批量清理格式和文本问题。,7,0,NUCLEON-NUCLEUS REAL POTENTIAL OF,NUCLEON-NUCLEUS REAL POTENTIAL OF,D:\Sci-Evo 我能突破束缚的团队核物理数据集\dataset\final\Research\NPP_0186.json,D:\Sci-Evo 我能突破束缚的团队核物理数据集\parsed\papers\核散射_截面\arxiv_nucl-th_0212098.md
NPP_0213,ml_alpha_halflife,arxiv_2504.02487,P3,格式清理,2,批量清理格式和文本问题。,11,1,Hybrid neural network method of a multilayer perceptron and autoencoder for $\alpha$ -particle preformation factor in $\alpha$ -decay theory,Hybrid neural network method of a multilayer perceptron and autoencoder for $\alpha$ -particle preformation factor in $\alpha$ -decay theory,D:\Sci-Evo 我能突破束缚的团队核物理数据集\dataset\final\Research\NPP_0213.json,D:\Sci-Evo 我能突破束缚的团队核物理数据集\parsed\papers\机器学习_alpha半衰期\arxiv_2504.02487.md
NPP_0001,alpha_decay_wkb,arxiv_0708.4355,PASS,通过,0,无。,17,1,Quantum tunneling in $2 7 7$ 112 and its $\alpha$ -decay chain,Quantum tunneling in $2 7 7$ 112 and its $\alpha$ -decay chain,D:\Sci-Evo 我能突破束缚的团队核物理数据集\dataset\final\Research\NPP_0001.json,D:\Sci-Evo 我能突破束缚的团队核物理数据集\parsed\papers\alpha   WKB\arxiv_0708.4355.md
NPP_0005,alpha_decay_wkb,arxiv_1111.0505,PASS,通过,0,无。,16,0,New approach for alpha decay half-lives of superheavy nuclei and applicability of WKB approximation,New approach for alpha decay half-lives of superheavy nuclei and applicability of WKB approximation,D:\Sci-Evo 我能突破束缚的团队核物理数据集\dataset\final\Research\NPP_0005.json,D:\Sci-Evo 我能突破束缚的团队核物理数据集\parsed\papers\alpha   WKB\arxiv_1111.0505.md
NPP_0029,alpha_decay_liquid_drop,arxiv_1007.1524,PASS,通过,0,无。,18,1,A new phenomenological formula for ground state binding energies,A new phenomenological formula for ground state binding energies,D:\Sci-Evo 我能突破束缚的团队核物理数据集\dataset\final\Research\NPP_0029.json,D:\Sci-Evo 我能突破束缚的团队核物理数据集\parsed\papers\alpha_液滴模型\arxiv_1007.1524.md
NPP_0031,alpha_decay_liquid_drop,arxiv_1603.07091,PASS,通过,0,无。,11,0,Extended systematics of alpha decay half lives for exotic superheavy nuclei,Extended systematics of alpha decay half lives for exotic superheavy nuclei,D:\Sci-Evo 我能突破束缚的团队核物理数据集\dataset\final\Research\NPP_0031.json,D:\Sci-Evo 我能突破束缚的团队核物理数据集\parsed\papers\alpha_液滴模型\arxiv_1603.07091.md
NPP_0040,alpha_decay_liquid_drop,arxiv_2504.01401,PASS,通过,0,无。,14,0,Systematic study of ?-decay half-lives of superheavy nuclei based on Coulomb and proximity potential models with temperature effects,Systematic study of ?-decay half-lives of superheavy nuclei based on Coulomb and proximity potential models with temperature effects,D:\Sci-Evo 我能突破束缚的团队核物理数据集\dataset\final\Research\NPP_0040.json,D:\Sci-Evo 我能突破束缚的团队核物理数据集\parsed\papers\alpha_液滴模型\arxiv_2504.01401.md
NPP_0041,alpha_decay_liquid_drop,arxiv_2512.22057,PASS,通过,0,无。,15,0,"Unified Royer Law Revision for $\alpha$ -Decay Half-Lives: Shell Corrections, Pairing, and Orbital-Angular-Momentum","Unified Royer Law Revision for $\alpha$ -Decay Half-Lives: Shell Corrections, Pairing, and Orbital-Angular-Momentum",D:\Sci-Evo 我能突破束缚的团队核物理数据集\dataset\final\Research\NPP_0041.json,D:\Sci-Evo 我能突破束缚的团队核物理数据集\parsed\papers\alpha_液滴模型\arxiv_2512.22057.md
NPP_0042,alpha_decay_liquid_drop,arxiv_nucl-ex_0703038,PASS,通过,0,无。,11,0,THE GENERALIZED LIQUID DROP MODEL ALPHA-DECAY FORMULA: PREDICTABILITY ANALYSIS AND SUPER-HEAVY ELEMENT ALPHA HALF-LIVES,THE GENERALIZED LIQUID DROP MODEL ALPHA-DECAY FORMULA: PREDICTABILITY ANALYSIS AND SUPER-HEAVY ELEMENT ALPHA HALF-LIVES,D:\Sci-Evo 我能突破束缚的团队核物理数据集\dataset\final\Research\NPP_0042.json,D:\Sci-Evo 我能突破束缚的团队核物理数据集\parsed\papers\alpha_液滴模型\arxiv_nucl-ex_0703038.md
NPP_0051,alpha_decay_shell_model,7_GSM_Ti44_2023,PASS,通过,0,无。,18,2,Alpha-decay from $^ { 4 4 }$ Ti: A study of the microscopic clusterization,Alpha-decay from $^ { 4 4 }$ Ti: A study of the microscopic clusterization,D:\Sci-Evo 我能突破束缚的团队核物理数据集\dataset\final\Research\NPP_0051.json,D:\Sci-Evo 我能突破束缚的团队核物理数据集\parsed\papers\alpha_壳模型\7_GSM_Ti44_2023.md
NPP_0052,alpha_decay_shell_model,8_DBHF_shell_2025,PASS,通过,0,无。,17,0,$\alpha$ -decay half-lives and $\alpha$ -cluster preformation factors of nuclei around $N = Z$ line,$\alpha$ -decay half-lives and $\alpha$ -cluster preformation factors of nuclei around $N = Z$ line,D:\Sci-Evo 我能突破束缚的团队核物理数据集\dataset\final\Research\NPP_0052.json,D:\Sci-Evo 我能突破束缚的团队核物理数据集\parsed\papers\alpha_壳模型\8_DBHF_shell_2025.md
NPP_0053,alpha_decay_shell_model,9_SMCM_Z82N126_2021,PASS,通过,0,无。,21,4,$\alpha$ -cluster structures above double shell closures via double-folding potentials from chiral effective field theory,$\alpha$ -cluster structures above double shell closures via double-folding potentials from chiral effective field theory,D:\Sci-Evo 我能突破束缚的团队核物理数据集\dataset\final\Research\NPP_0053.json,D:\Sci-Evo 我能突破束缚的团队核物理数据集\parsed\papers\alpha_壳模型\9_SMCM_Z82N126_2021.md
NPP_0064,alpha_decay_shell_model,arxiv_2104.13987,PASS,通过,0,无。,19,2,The Lowest Broad Alpha Cluster Resonances in $^ { 1 9 }$ F,The Lowest Broad Alpha Cluster Resonances in $^ { 1 9 }$ F,D:\Sci-Evo 我能突破束缚的团队核物理数据集\dataset\final\Research\NPP_0064.json,D:\Sci-Evo 我能突破束缚的团队核物理数据集\parsed\papers\alpha_壳模型\arxiv_2104.13987.md
NPP_0067,alpha_decay_shell_model,arxiv_2310.13428,PASS,通过,0,无。,19,3,Alpha-decay from $^ { 4 4 }$ Ti: A study of the microscopic clusterization,Alpha-decay from $^ { 4 4 }$ Ti: A study of the microscopic clusterization,D:\Sci-Evo 我能突破束缚的团队核物理数据集\dataset\final\Research\NPP_0067.json,D:\Sci-Evo 我能突破束缚的团队核物理数据集\parsed\papers\alpha_壳模型\arxiv_2310.13428.md
NPP_0076,alpha_decay_cluster_model,arxiv_1208.1422,PASS,通过,0,无。,18,4,Alpha Decay in the Complex Energy Shell Model,Alpha Decay in the Complex Energy Shell Model,D:\Sci-Evo 我能突破束缚的团队核物理数据集\dataset\final\Research\NPP_0076.json,D:\Sci-Evo 我能突破束缚的团队核物理数据集\parsed\papers\alpha_团簇模型\arxiv_1208.1422.md
NPP_0080,alpha_decay_cluster_model,arxiv_2210.02004,PASS,通过,0,无。,11,0,Systematic calculations of cluster radioactivity half-lives in trans-lead nuclei *,Systematic calculations of cluster radioactivity half-lives in trans-lead nuclei *,D:\Sci-Evo 我能突破束缚的团队核物理数据集\dataset\final\Research\NPP_0080.json,D:\Sci-Evo 我能突破束缚的团队核物理数据集\parsed\papers\alpha_团簇模型\arxiv_2210.02004.md
NPP_0086,alpha_decay_cluster_model,arxiv_2511.08051,PASS,通过,0,无。,17,0,$\alpha$ -decay half-lives and $\alpha$ -cluster preformation factors of nuclei around $N = Z$ line,$\alpha$ -decay half-lives and $\alpha$ -cluster preformation factors of nuclei around $N = Z$ line,D:\Sci-Evo 我能突破束缚的团队核物理数据集\dataset\final\Research\NPP_0086.json,D:\Sci-Evo 我能突破束缚的团队核物理数据集\parsed\papers\alpha_团簇模型\arxiv_2511.08051.md
NPP_0089,alpha_decay_cluster_model,arxiv_nucl-th_0404007,PASS,通过,0,无。,13,0,Lifetimes of the $\alpha$ decay chains of superheavy element 115,Lifetimes of the $\alpha$ decay chains of superheavy element 115,D:\Sci-Evo 我能突破束缚的团队核物理数据集\dataset\final\Research\NPP_0089.json,D:\Sci-Evo 我能突破束缚的团队核物理数据集\parsed\papers\alpha_团簇模型\arxiv_nucl-th_0404007.md
NPP_0095,alpha_decay_double_folding,arxiv_1401.1841,PASS,通过,0,无。,17,0,Tunneling times and bremsstrahlung in alpha decay,Tunneling times and bremsstrahlung in alpha decay,D:\Sci-Evo 我能突破束缚的团队核物理数据集\dataset\final\Research\NPP_0095.json,D:\Sci-Evo 我能突破束缚的团队核物理数据集\parsed\papers\alpha   WKB\arxiv_1401.1841.md
NPP_0109,alpha_decay_double_folding,arxiv_nucl-th_0612089,PASS,通过,0,无。,19,2,Super-allowed $\alpha$ decay above doubly-magic 100Sn and properties of $\mathbf { \dot { \ l } } ^ { 0 4 } \mathbf { T e } = { \sqrt [ { 1 0 0 } } \mathbf { S } \mathbf { n } \otimes { \alpha }$ 100Sn ⊗ α,Super-allowed $\alpha$ decay above doubly-magic 100Sn and properties of $\mathbf { \dot { \ l } } ^ { 0 4 } \mathbf { T e } = { \sqrt [ { 1 0 0 } } \mathbf { S } \mathbf { n } \otimes { \alpha }$ 100Sn ⊗ α,D:\Sci-Evo 我能突破束缚的团队核物理数据集\dataset\final\Research\NPP_0109.json,D:\Sci-Evo 我能突破束缚的团队核物理数据集\parsed\papers\alpha_双折叠势模型\arxiv_nucl-th_0612089.md
NPP_0111,deep_learning_nuclear,arxiv_1508.06263,PASS,通过,0,无。,14,0,Nuclear Mass Predictions for the Crustal Composition of Neutron Stars: A Bayesian Neural Network Approach,Nuclear Mass Predictions for the Crustal Composition of Neutron Stars: A Bayesian Neural Network Approach,D:\Sci-Evo 我能突破束缚的团队核物理数据集\dataset\final\Research\NPP_0111.json,D:\Sci-Evo 我能突破束缚的团队核物理数据集\parsed\papers\深度学习_核结构\arxiv_1508.06263.md
NPP_0112,deep_learning_nuclear,arxiv_1608.03020,PASS,通过,0,无。,17,0,Nuclear charge radii: Density functional theory meets Bayesian neural networks,Nuclear charge radii: Density functional theory meets Bayesian neural networks,D:\Sci-Evo 我能突破束缚的团队核物理数据集\dataset\final\Research\NPP_0112.json,D:\Sci-Evo 我能突破束缚的团队核物理数据集\parsed\papers\深度学习_核结构\arxiv_1608.03020.md
NPP_0113,deep_learning_nuclear,arxiv_1704.06632,PASS,通过,0,无。,18,1,Refining mass formulas for astrophysical applications: a Bayesian neural network approach,Refining mass formulas for astrophysical applications: a Bayesian neural network approach,D:\Sci-Evo 我能突破束缚的团队核物理数据集\dataset\final\Research\NPP_0113.json,D:\Sci-Evo 我能突破束缚的团队核物理数据集\parsed\papers\深度学习_核结构\arxiv_1704.06632.md
NPP_0114,deep_learning_nuclear,arxiv_1803.03215,PASS,通过,0,无。,16,2,Deep Learning: A Tool for Computational Nuclear Physics,Deep Learning: A Tool for Computational Nuclear Physics,D:\Sci-Evo 我能突破束缚的团队核物理数据集\dataset\final\Research\NPP_0114.json,D:\Sci-Evo 我能突破束缚的团队核物理数据集\parsed\papers\深度学习_核结构\arxiv_1803.03215.md
NPP_0116,deep_learning_nuclear,arxiv_1906.06429,PASS,通过,0,无。,15,1,Interpretable deep learning for nuclear deformation in heavy ion collisions,Interpretable deep learning for nuclear deformation in heavy ion collisions,D:\Sci-Evo 我能突破束缚的团队核物理数据集\dataset\final\Research\NPP_0116.json,D:\Sci-Evo 我能突破束缚的团队核物理数据集\parsed\papers\深度学习_核结构\arxiv_1906.06429.md
NPP_0124,deep_learning_nuclear,arxiv_2202.11897,PASS,通过,0,无。,19,2,Deep learning on nuclear mass and $\alpha$ decay half-lives,Deep learning on nuclear mass and $\alpha$ decay half-lives,D:\Sci-Evo 我能突破束缚的团队核物理数据集\dataset\final\Research\NPP_0124.json,D:\Sci-Evo 我能突破束缚的团队核物理数据集\parsed\papers\深度学习_核结构\arxiv_2202.11897.md
NPP_0127,deep_learning_nuclear,arxiv_2210.02906,PASS,通过,0,无。,17,0,Nuclear binding energies in artificial neural networks,Nuclear binding energies in artificial neural networks,D:\Sci-Evo 我能突破束缚的团队核物理数据集\dataset\final\Research\NPP_0127.json,D:\Sci-Evo 我能突破束缚的团队核物理数据集\parsed\papers\深度学习_核结构\arxiv_2210.02906.md
NPP_0128,deep_learning_nuclear,arxiv_2211.13998,PASS,通过,0,无。,13,0,Deep-neural-network approach to solving the ab initio nuclear structure problem,Deep-neural-network approach to solving the ab initio nuclear structure problem,D:\Sci-Evo 我能突破束缚的团队核物理数据集\dataset\final\Research\NPP_0128.json,D:\Sci-Evo 我能突破束缚的团队核物理数据集\parsed\papers\深度学习_核结构\arxiv_2211.13998.md
NPP_0131,deep_learning_nuclear,arxiv_2310.11012,PASS,通过,0,无。,14,0,A Data-Driven Density Functional Model for Nuclear Systems,A Data-Driven Density Functional Model for Nuclear Systems,D:\Sci-Evo 我能突破束缚的团队核物理数据集\dataset\final\Research\NPP_0131.json,D:\Sci-Evo 我能突破束缚的团队核物理数据集\parsed\papers\深度学习_核结构\arxiv_2310.11012.md
NPP_0134,deep_learning_nuclear,arxiv_2409.11930,PASS,通过,0,无。,16,0,Optimization of Nuclear Mass Models Using Algorithms and Neural Networks,Optimization of Nuclear Mass Models Using Algorithms and Neural Networks,D:\Sci-Evo 我能突破束缚的团队核物理数据集\dataset\final\Research\NPP_0134.json,D:\Sci-Evo 我能突破束缚的团队核物理数据集\parsed\papers\深度学习_核结构\arxiv_2409.11930.md
NPP_0136,deep_learning_nuclear,arxiv_2503.19348,PASS,通过,0,无。,17,3,"Deep Learning approaches for nuclear binding energy prediction: A comparative study of RNN, GRU and LSTM Models","Deep Learning approaches for nuclear binding energy prediction: A comparative study of RNN, GRU and LSTM Models",D:\Sci-Evo 我能突破束缚的团队核物理数据集\dataset\final\Research\NPP_0136.json,D:\Sci-Evo 我能突破束缚的团队核物理数据集\parsed\papers\深度学习_核结构\arxiv_2503.19348.md
NPP_0142,deep_learning_nuclear,arxiv_2509.08314,PASS,通过,0,无。,19,2,Nuclear Mass Predictions Using a Neural Network with Additive Gaussian Process Regression-Optimized Activation Functions,Nuclear Mass Predictions Using a Neural Network with Additive Gaussian Process Regression-Optimized Activation Functions,D:\Sci-Evo 我能突破束缚的团队核物理数据集\dataset\final\Research\NPP_0142.json,D:\Sci-Evo 我能突破束缚的团队核物理数据集\parsed\papers\深度学习_核结构\arxiv_2509.08314.md
NPP_0145,deep_learning_nuclear,arxiv_2602.13826,PASS,通过,0,无。,7,0,Neural-network quantum states for the nuclear many-body problem,Neural-network quantum states for the nuclear many-body problem,D:\Sci-Evo 我能突破束缚的团队核物理数据集\dataset\final\Research\NPP_0145.json,D:\Sci-Evo 我能突破束缚的团队核物理数据集\parsed\papers\深度学习_核结构\arxiv_2602.13826.md
NPP_0146,deep_learning_nuclear,arxiv_2603.09747,PASS,通过,0,无。,17,0,Architecture as physical prior: cooperative neural network for nuclear masses,Architecture as physical prior: cooperative neural network for nuclear masses,D:\Sci-Evo 我能突破束缚的团队核物理数据集\dataset\final\Research\NPP_0146.json,D:\Sci-Evo 我能突破束缚的团队核物理数据集\parsed\papers\深度学习_核结构\arxiv_2603.09747.md
NPP_0147,deep_learning_nuclear,arxiv_2604.05312,PASS,通过,0,无。,21,4,Predictions of charge density distributions for nuclei with Z ≥ 8∗,Predictions of charge density distributions for nuclei with Z ≥ 8∗,D:\Sci-Evo 我能突破束缚的团队核物理数据集\dataset\final\Research\NPP_0147.json,D:\Sci-Evo 我能突破束缚的团队核物理数据集\parsed\papers\深度学习_核结构\arxiv_2604.05312.md
NPP_0149,deep_learning_nuclear,arxiv_nucl-th_0511088,PASS,通过,0,无。,15,2,Nuclear mass systematics by complementing the Finite Range Droplet Model with neural networks,Nuclear mass systematics by complementing the Finite Range Droplet Model with neural networks,D:\Sci-Evo 我能突破束缚的团队核物理数据集\dataset\final\Research\NPP_0149.json,D:\Sci-Evo 我能突破束缚的团队核物理数据集\parsed\papers\深度学习_核结构\arxiv_nucl-th_0511088.md
NPP_0150,nuclear_scattering,arxiv_0706.2693,PASS,通过,0,无。,13,0,Reaction cross sections for proton scattering from stable and unstable nuclei based on a microscopic approach,Reaction cross sections for proton scattering from stable and unstable nuclei based on a microscopic approach,D:\Sci-Evo 我能突破束缚的团队核物理数据集\dataset\final\Research\NPP_0150.json,D:\Sci-Evo 我能突破束缚的团队核物理数据集\parsed\papers\核散射_截面\arxiv_0706.2693.md
NPP_0156,nuclear_scattering,arxiv_1308.5472,PASS,通过,0,无。,17,0,Effects of relativistic kinematics in heavy ion elastic scattering *,Effects of relativistic kinematics in heavy ion elastic scattering *,D:\Sci-Evo 我能突破束缚的团队核物理数据集\dataset\final\Research\NPP_0156.json,D:\Sci-Evo 我能突破束缚的团队核物理数据集\parsed\papers\核散射_截面\arxiv_1308.5472.md
NPP_0157,nuclear_scattering,arxiv_1311.5012,PASS,通过,0,无。,15,2,Derivation of capture and reaction cross sections from experimental quasi-elastic and elastic backscattering probabilities,Derivation of capture and reaction cross sections from experimental quasi-elastic and elastic backscattering probabilities,D:\Sci-Evo 我能突破束缚的团队核物理数据集\dataset\final\Research\NPP_0157.json,D:\Sci-Evo 我能突破束缚的团队核物理数据集\parsed\papers\核散射_截面\arxiv_1311.5012.md
NPP_0158,nuclear_scattering,arxiv_1406.1656,PASS,通过,0,无。,17,0,Further explorations of the $\alpha$ -particle optical model potential at low energies for the mass range A≈45–209,Further explorations of the $\alpha$ -particle optical model potential at low energies for the mass range A≈45–209,D:\Sci-Evo 我能突破束缚的团队核物理数据集\dataset\final\Research\NPP_0158.json,D:\Sci-Evo 我能突破束缚的团队核物理数据集\parsed\papers\核散射_截面\arxiv_1406.1656.md
NPP_0162,nuclear_scattering,arxiv_1606.06188,PASS,通过,0,无。,15,0,Analysis of uncertainties in $\alpha$ -particle optical-potential assessment below the Coulomb barrier,Analysis of uncertainties in $\alpha$ -particle optical-potential assessment below the Coulomb barrier,D:\Sci-Evo 我能突破束缚的团队核物理数据集\dataset\final\Research\NPP_0162.json,D:\Sci-Evo 我能突破束缚的团队核物理数据集\parsed\papers\核散射_截面\arxiv_1606.06188.md
NPP_0164,nuclear_scattering,arxiv_1803.01820,PASS,通过,0,无。,20,5,Optical model potential analysis of $\bar { n } A$ and nA interactions,Optical model potential analysis of $\bar { n } A$ and nA interactions,D:\Sci-Evo 我能突破束缚的团队核物理数据集\dataset\final\Research\NPP_0164.json,D:\Sci-Evo 我能突破束缚的团队核物理数据集\parsed\papers\核散射_截面\arxiv_1803.01820.md
NPP_0165,nuclear_scattering,arxiv_1808.00651,PASS,通过,0,无。,15,0,Direct and indirect $\alpha$ transfer in the elastic $_ { 1 6 }$ O+12C scattering,Direct and indirect $\alpha$ transfer in the elastic $_ { 1 6 }$ O+12C scattering,D:\Sci-Evo 我能突破束缚的团队核物理数据集\dataset\final\Research\NPP_0165.json,D:\Sci-Evo 我能突破束缚的团队核物理数据集\parsed\papers\核散射_截面\arxiv_1808.00651.md
NPP_0166,nuclear_scattering,arxiv_1904.05140,PASS,通过,0,无。,18,1,Role of consistent parameter sets in an assessment of the alpha-particle optical potential below the Coulomb barrier,Role of consistent parameter sets in an assessment of the alpha-particle optical potential below the Coulomb barrier,D:\Sci-Evo 我能突破束缚的团队核物理数据集\dataset\final\Research\NPP_0166.json,D:\Sci-Evo 我能突破束缚的团队核物理数据集\parsed\papers\核散射_截面\arxiv_1904.05140.md
NPP_0167,nuclear_scattering,arxiv_1909.05911,PASS,通过,0,无。,18,1,Investigating the link between proton reaction cross sections and the quenching of proton spectroscopic factors in $^ { 4 8 }$ Ca,Investigating the link between proton reaction cross sections and the quenching of proton spectroscopic factors in $^ { 4 8 }$ Ca,D:\Sci-Evo 我能突破束缚的团队核物理数据集\dataset\final\Research\NPP_0167.json,D:\Sci-Evo 我能突破束缚的团队核物理数据集\parsed\papers\核散射_截面\arxiv_1909.05911.md
NPP_0170,nuclear_scattering,arxiv_2008.10408,PASS,通过,0,无。,15,1,The total reaction cross section of heavy-ion reactions induced by stable and unstable exotic beams: The low-energy regime,The total reaction cross section of heavy-ion reactions induced by stable and unstable exotic beams: The low-energy regime,D:\Sci-Evo 我能突破束缚的团队核物理数据集\dataset\final\Research\NPP_0170.json,D:\Sci-Evo 我能突破束缚的团队核物理数据集\parsed\papers\核散射_截面\arxiv_2008.10408.md
NPP_0171,nuclear_scattering,arxiv_2111.09775,PASS,通过,0,无。,15,0,"Charged–particle optical potentials tested by first direct measurement of 5 $^ { \mathrm { 9 } } { \bf C u } ( p , \alpha ) ^ { \mathrm { 5 6 } } { \bf N i }$ reaction","Charged–particle optical potentials tested by first direct measurement of 5 $^ { \mathrm { 9 } } { \bf C u } ( p , \alpha ) ^ { \mathrm { 5 6 } } { \bf N i }$ reaction",D:\Sci-Evo 我能突破束缚的团队核物理数据集\dataset\final\Research\NPP_0171.json,D:\Sci-Evo 我能突破束缚的团队核物理数据集\parsed\papers\核散射_截面\arxiv_2111.09775.md
NPP_0173,nuclear_scattering,arxiv_2207.10865,PASS,通过,0,无。,19,2,Study of elastic and inelastic scattering of $^ 7 { \bf B e } + { } ^ { 1 2 } { \bf C }$ at 35 MeV,Study of elastic and inelastic scattering of $^ 7 { \bf B e } + { } ^ { 1 2 } { \bf C }$ at 35 MeV,D:\Sci-Evo 我能突破束缚的团队核物理数据集\dataset\final\Research\NPP_0173.json,D:\Sci-Evo 我能突破束缚的团队核物理数据集\parsed\papers\核散射_截面\arxiv_2207.10865.md
NPP_0175,nuclear_scattering,arxiv_2310.14118,PASS,通过,0,无。,14,0,The optical potentials and nuclear reaction cross sections for the $n$ $^ { 1 2 } \mathbf { C }$ and N -12C scattering,The optical potentials and nuclear reaction cross sections for the $n$ $^ { 1 2 } \mathbf { C }$ and N -12C scattering,D:\Sci-Evo 我能突破束缚的团队核物理数据集\dataset\final\Research\NPP_0175.json,D:\Sci-Evo 我能突破束缚的团队核物理数据集\parsed\papers\核散射_截面\arxiv_2310.14118.md
NPP_0182,nuclear_scattering,arxiv_nucl-ex_0612002,PASS,通过,0,无。,14,2,Elastic Scattering and Total Reaction Cross Section for the $6$ He + 27Al System,Elastic Scattering and Total Reaction Cross Section for the $6$ He + 27Al System,D:\Sci-Evo 我能突破束缚的团队核物理数据集\dataset\final\Research\NPP_0182.json,D:\Sci-Evo 我能突破束缚的团队核物理数据集\parsed\papers\核散射_截面\arxiv_nucl-ex_0612002.md
NPP_0185,nuclear_scattering,arxiv_nucl-th_0202050,PASS,通过,0,无。,22,5,Total reaction cross sections for neutron-nucleus scattering,Total reaction cross sections for neutron-nucleus scattering,D:\Sci-Evo 我能突破束缚的团队核物理数据集\dataset\final\Research\NPP_0185.json,D:\Sci-Evo 我能突破束缚的团队核物理数据集\parsed\papers\核散射_截面\arxiv_nucl-th_0202050.md
NPP_0187,nuclear_scattering,arxiv_nucl-th_0409005,PASS,通过,0,无。,15,0,Empirical Estimates of the Neutron-Nucleus Scattering Cross Sections,Empirical Estimates of the Neutron-Nucleus Scattering Cross Sections,D:\Sci-Evo 我能突破束缚的团队核物理数据集\dataset\final\Research\NPP_0187.json,D:\Sci-Evo 我能突破束缚的团队核物理数据集\parsed\papers\核散射_截面\arxiv_nucl-th_0409005.md
NPP_0188,nuclear_scattering,arxiv_nucl-th_0605007,PASS,通过,0,无。,11,2,Global Examination of the 12C+12C Reaction Data at Low and Intermediate Energies,Global Examination of the 12C+12C Reaction Data at Low and Intermediate Energies,D:\Sci-Evo 我能突破束缚的团队核物理数据集\dataset\final\Research\NPP_0188.json,D:\Sci-Evo 我能突破束缚的团队核物理数据集\parsed\papers\核散射_截面\arxiv_nucl-th_0605007.md
